RSI,MACD,EMA20,SMA50,ADX,ATR,WILLR,ROC,Target
0.7322438219141654,0.20023869358689836,-1.2318151787135059,-1.3605951600302433,0.031396383239370135,-1.4851931518317851,0.7617295646730936,0.41277410346891796,0
-0.06797585321242046,0.15849109781952828,-1.233442301686196,-1.3489175122825734,-0.11033583612684836,-1.2119136081492532,-0.1781082721542523,-0.10236970076443724,0
-0.7539448996122672,0.03883503180992726,-1.2521096846955888,-1.3419034876195968,-0.16318911816556614,-0.831162082925671,-0.9119319418754804,-0.20364513671510714,1
-0.6802740928131715,-0.04924364723300337,-1.2674974315060592,-1.3336823280696872,-0.23536578191229843,-0.9848568425165967,-0.8275694730493554,-0.09987286552639346,1
-0.47502359427709995,-0.09862983206159696,-1.2772648223172292,-1.3253707900301253,-0.34239534908117625,-1.0725996903451203,-0.5941720678695629,0.04526574893548485,0
-0.5139915094133876,-0.14205854961324518,-1.287053022646035,-1.318755568831256,-0.4437279977653437,-1.188341982023543,-0.6475962062202889,-0.13670769989855608,0
-0.6579382177775904,-0.1925412698212405,-1.2993630986824651,-1.3144322843000036,-0.49448375908939507,-1.3071691853710374,-0.8416280761073256,-0.5152840575739353,0
-0.78954415108147,-0.24675355811981906,-1.313704541228645,-1.3104918806413703,-0.5383456935474539,-1.4288628958900518,-1.02159772611029,-0.8233906495952431,0
-1.1378667712148631,-0.3330768071206868,-1.335991038175241,-1.3089763344591874,-0.5132405445028562,-1.4074586346629705,-1.5446341823539596,-1.0471395940521724,0
-1.4634558527876833,-0.44911266569007724,-1.3666006465256149,-1.309116354774018,-0.4193271682167912,-1.2455633773405042,-1.5763500019113568,-1.613677410626039,0
-1.6113858089180135,-0.5623568936835619,-1.3996699499320082,-1.308563728679951,-0.3128903484511647,-1.2947724272328343,-1.6430064330224694,-1.7571284621264542,1
-0.9928500549985062,-0.5941673536629085,-1.418992146944014,-1.308067419861787,-0.27237867840943797,-1.294897039210274,-1.1661820333025492,-1.060749450841464,0
-1.0483203540555348,-0.6217036108121603,-1.4381473833198406,-1.3105801388546654,-0.23338433334867253,-1.3761291934181212,-1.241467199495866,-0.6217051453813986,0
-1.193581436277859,-0.6588178908889621,-1.4598644402436878,-1.3132855704496693,-0.2018617918294121,-1.4426468698796227,-1.4388141048593908,-0.7956721736347069,0
-1.416403979729793,-0.7168723531127174,-1.4867389255073402,-1.315106614257012,-0.1383362816277255,-1.4296693898110069,-1.7256211967246682,-1.1280533846669742,1
-0.9463489044547522,-0.7158083690600319,-1.5029408564867355,-1.3169694480274077,-0.07956852612485882,-1.4532283343158394,-1.0535317102429473,-0.8610773885877956,1
-0.4632879448082811,-0.6612616801310405,-1.5080161680450848,-1.3166206830853455,-0.12002620178643937,-1.478000258111779,-0.303306300618935,-0.4769756468296451,1
-0.14137764653273224,-0.5769420356165679,-1.505382397122467,-1.315183436657178,-0.23749334285345577,-1.536525811554442,0.26234028157932515,-0.1670948384018059,1
-0.11914344931562175,-0.5030486262384811,-1.5024924906353843,-1.3153028971309384,-0.34624544807927665,-1.6604126123574638,0.3020271739948894,0.12901858466685778,0
-0.40938058145721967,-0.4735549320113451,-1.5066217366263823,-1.316482933518097,-0.4108840500687446,-1.7023569091856237,0.09200919731531539,0.24593160248976673,0
-0.7266951818657608,-0.4863607231515118,-1.518572207646843,-1.3189349442111296,-0.40735551682707544,-1.6547134654863465,-0.6635835292026191,0.16052961162337387,0
-0.8362510141839203,-0.506794694310447,-1.532401639906863,-1.3222406602410455,-0.3726727318053479,-1.7432042460273,-0.8712745685014749,-0.2584107922918718,1
-0.705993933790472,-0.506615297688019,-1.542530756620085,-1.3269012328636232,-0.39545260321193837,-1.827250765903047,-0.4781290999928128,-0.13480596210496318,1
0.14879226943392415,-0.41047558657753874,-1.5329590992665907,-1.32761305751416,-0.536747870543488,-1.6444237168773237,1.3506819596868374,0.5763067824934148,1
0.7185268753327607,-0.24655949766697002,-1.5068559202857317,-1.325512342415616,-0.5355131231065531,-1.4509869887547509,1.2595598995037374,1.3502502675497428,0
0.5517499043476345,-0.13473312994391226,-1.4869656446881898,-1.3264634299937343,-0.5343685872953721,-1.533094092630143,1.01936292527062,0.9696993768296476,0
0.5295095741371758,-0.04915409175687765,-1.4694514772388927,-1.328984575375235,-0.5400592890824755,-1.585998936292994,0.9883112709587822,0.6503084996502195,1
0.5711465808550978,0.023176484416435092,-1.4523883766896475,-1.3310929508270712,-0.5453355153454511,-1.6831191396412741,1.0667433594457587,0.46259914464682944,1
0.8813911868088738,0.12489003465957352,-1.427417426295051,-1.329979518475954,-0.5198428397353557,-1.6825679837099117,1.4983053887539657,0.7328348476932317,0
0.6553198407458916,0.18077896697316836,-1.4091601190917382,-1.330148784925322,-0.4671999461290186,-1.7067823818948216,0.9572168435459427,0.8135147220939499,0
0.35602955197861347,0.1919620047784844,-1.3986503090931246,-1.3323231625282976,-0.495445539721394,-1.7428294914059708,0.5886137711939343,0.891604338578063,1
0.456653884966475,0.21043431351780065,-1.3864539854544458,-1.33654820302857,-0.5570754948940319,-1.7845271696849805,0.7534748170125107,1.0712976240084555,1
0.7585587614231514,0.2631146007763961,-1.3668498373952225,-1.3386601350730059,-0.5562127073169787,-1.8227470990533416,1.279161949097404,1.2569864551858676,0
0.6364366718203032,0.2891591188519049,-1.3513691385152997,-1.3421660872663161,-0.5568060628487904,-1.9250774953445582,1.1407442358556208,0.5953023238030837,0
0.5559724072043364,0.297997480407531,-1.3388079873130811,-1.3464736407149147,-0.5772304754364853,-1.9943942342794847,1.0520889643068965,0.02880166674553367,1
0.785444898893867,0.3301294827263756,-1.3213329587422777,-1.3473772477818182,-0.5500501698649053,-1.9730189198375003,1.2888957344291407,0.31748100875998214,0
0.4820925174314732,0.32458554916766613,-1.310795771788342,-1.3492364018467935,-0.5690452696818672,-1.930901258375742,0.7808375615891171,0.17730442697785315,1
0.8590382972936981,0.36568739035937436,-1.2909432664418894,-1.3501262886737821,-0.5473210620313845,-1.88163591382883,1.4021325509912799,0.4431940172687139,0
0.6189786556026798,0.3717158203457746,-1.2772408297493012,-1.3513255443401841,-0.5271620228100935,-1.9661255091701877,0.7984054334357528,0.03808611420057115,1
1.039609148102091,0.4334734919059517,-1.2520399575903889,-1.3474648083557959,-0.43120848681200125,-1.886761171773555,1.362851359629846,0.5367186984598561,0
0.9627234316999433,0.46914288055425757,-1.230582892457054,-1.3424537882492726,-0.3318104229528257,-1.936985397141326,1.092104322936991,0.6784555177748931,0
0.6086021407249841,0.4597134065462193,-1.2174822845444124,-1.3394593561470938,-0.33417846886442815,-1.922150888376261,0.5086123741050645,0.41299392026663945,0
-0.043683800260859454,0.3789251067829818,-1.2193455108948619,-1.3364489740950227,-0.4791042362041398,-1.70949138960434,-0.7591461633972334,-0.23558667853698903,1
0.8078870310099076,0.4398960918532844,-1.1944357255510292,-1.3273627281119114,-0.5172645731553378,-1.3272195571021075,1.1590688822299513,0.5987705133018217,1
1.554089059741212,0.6718700932435356,-1.1328795700739558,-1.3098324473356755,-0.38253688380467565,-0.7294268669040901,1.3283572577663807,1.7732253259436916,0
1.2832224882834957,0.8099704921604367,-1.0843101536295048,-1.2949165220254726,-0.25035541980369036,-0.7007873800717649,0.9413604744373059,1.3774384547121536,0
1.1667603038757806,0.8927481816963491,-1.0434340397948014,-1.2826837038521053,-0.1958973712592288,-0.6935477852109052,0.8155118656862399,1.4517480862662082,0
0.7597919471653837,0.8920117803305745,-1.0175557665417199,-1.274432108077059,-0.1953426858016395,-0.4662436965773288,0.3599396378692584,0.8187534988140376,0
0.7524596515864396,0.879061426046866,-0.9943449048516585,-1.265877928346946,-0.22706337532928103,-0.5270427572859941,0.351619286991604,0.9404219343086933,1
1.0455149839213607,0.9242512160092721,-0.9597045476792152,-1.2565209983085506,-0.21230622659410853,-0.4132381745368148,0.9111959007792689,0.946757025950444,0
0.690450616264665,0.9010079952635263,-0.9379721539923505,-1.2491257753148381,-0.1986069023427431,-0.33756091418324813,0.5169961658646068,0.7147917705689547,1
0.9428834336064181,0.9286029793768574,-0.9065709533055971,-1.236162993868672,-0.1378875991108888,-0.4012612338139077,0.9985648677571052,1.2364241839033783,0
0.8581717450730261,0.9274098567704773,-0.8804167306198138,-1.220026336544442,-0.08151866311135579,-0.5774402755126258,0.905997662516658,1.594005234493716,0
0.4920297829318741,0.865810716374754,-0.866767960741285,-1.2063364234203562,-0.0946501655724688,-0.6568755396600964,0.4951545844654556,0.5088599928088844,1
0.5994164653942293,0.8273764637556823,-0.8501343519892145,-1.192618919345214,-0.12701854095207485,-0.7393360292991715,0.6709332226261424,-0.44642513367615205,0
0.29092685062975787,0.7446694325974108,-0.8436796433645796,-1.1805253828097542,-0.20826133858445867,-0.7520717572605901,0.3183378834809854,-0.4892900223844058,0
-0.3834376949071208,0.5602849503439137,-0.8603533872369991,-1.1724812184585176,-0.34717432841434387,-0.5893388404777227,-1.0642327584979447,-1.0163036586784313,1
-0.054250694923507196,0.46439855633327054,-0.8639288430788595,-1.161310932324477,-0.4761440061805992,-0.5992542824843384,-1.0056650183425901,-0.40987690386973297,1
0.2089875578377787,0.43188847433650746,-0.8570984691402025,-1.1460240133684592,-0.5883640586612426,-0.5726802080226602,-0.37703638553182905,-0.12849321149174528,0
0.06083695397658994,0.37614830239625063,-0.8558625067756789,-1.129568206575166,-0.6925537982960924,-0.6514742906174599,-0.576176057661496,-0.6283225651706362,1
0.15157677818821777,0.3430588031487934,-0.8514483004704273,-1.111270207927761,-0.7344751735115884,-0.6525967003813489,-0.3498499702810595,-0.28312045111862294,0
-0.0012303718542558935,0.2887430250316463,-0.8522209482859345,-1.0962364362896684,-0.8517564790288761,-0.6512219710848243,-0.49428839928845225,-0.7235838230910941,0
-0.3890758154309686,0.17807647358991616,-0.8659516863881783,-1.0836158537684561,-0.9277373192885306,-0.5730733051278584,-1.4848622917274297,-1.0157494151768434,1
0.9419581666912293,0.38151239837274575,-0.8182619849352577,-1.0572919661840994,-0.8592860746664261,0.325239740898391,1.4044855136430026,0.8860101729315523,1
1.222748453499762,0.6327173544808432,-0.7551610500937503,-1.0251937179667865,-0.7237227572302909,0.46705517904712457,1.297763107425744,1.3059970109064125,0
0.9371999552096563,0.7702445949304041,-0.7084899307712093,-0.9970330144548247,-0.6317001426182635,0.3560476805118351,0.9146221791572112,1.2712220708021131,1
1.003100593301558,0.8894044138655044,-0.661877679952152,-0.969976578228433,-0.5611616609691804,0.2544225203423094,1.0758912220732877,2.0716413360959374,1
1.0221512733617064,0.97734920936064,-0.6184876776829311,-0.9441967398782952,-0.4930940624717135,0.09721339902742333,1.1206396469231823,1.7528397209933206,1
1.155534287906123,1.0749774985615157,-0.5708127559194466,-0.9167362884117172,-0.401509087408794,-0.027974832503505853,1.420243270131917,1.6838163118178502,0
0.8834210474466601,1.0958032017714767,-0.5363237211431642,-0.8896798248269213,-0.301090136951268,-0.007895231245382496,0.9619270186778213,1.5927675109774,1
1.1601264754083622,1.1807006206149675,-0.48825945154533945,-0.8572961053366281,-0.19886045947120112,0.01896653546733286,1.4582528345443673,1.959098823766297,0
1.0577201249876067,1.2169508491122427,-0.4479672790199611,-0.8249500857278985,-0.10295842915701864,-0.10401147082072036,1.341034100165138,2.0152587543420473,0
0.8525645691363575,1.1993306098217822,-0.41785075132705135,-0.7944570235054977,-0.05830586289390957,-0.12925772012630612,1.1267261362109553,2.2399178804470683,0
0.7670218377892942,1.1578945124646884,-0.393213873097424,-0.7684994102421565,0.005232417497380643,-0.05602094247763135,0.9071194062819111,0.43177821070700595,1
0.8650350764037039,1.1344038906823093,-0.36613154284259103,-0.7452296644780553,0.019939859749932207,-0.10983118370559361,1.0616111649763065,0.03318103364869657,0
0.7943874465846146,1.0923255997538028,-0.34358071281512537,-0.7215828788607199,0.05588267819457185,-0.18396645908657133,0.9986698474527556,0.2531430387915313,1
1.1630429462116076,1.1355272856538798,-0.3047710736266767,-0.6939231214165041,0.16886769266458138,0.08363074992516674,1.0245933456833274,0.6112969784066373,0
1.0453000484031114,1.139995832033713,-0.272776098943333,-0.667184466738946,0.273778480443713,-0.07924757230470958,0.4780070177206582,0.4991536307026108,1
1.420437532079385,1.2338476244027232,-0.22240472049587068,-0.6379195506582221,0.4216949534543779,0.1576635513303802,1.4326445059673296,0.8234075271622168,0
0.7968316741757749,1.2037489016025216,-0.1949328378941497,-0.6115794942567361,0.5590415973730524,0.21861812834937927,0.37978350671929284,0.5903201886782523,0
0.7696850846802389,1.1611476132872767,-0.17091401375098336,-0.5841406012129962,0.6663122612690604,0.09105279459916105,0.23899706776778223,0.13227008156297224,0
0.4015251804005714,1.0570182326756563,-0.16071844133831711,-0.5597235397136585,0.6577377469882661,0.06492480541874186,-0.6835439578416658,-0.07734200398925903,1
0.5261326516750542,0.9887757322303338,-0.14604287639034785,-0.5359690030197384,0.6498877301757311,-0.05117595162947685,-0.3084505804010783,0.22232332265368598,1
0.5785523357125765,0.9338360249980003,-0.13050853244975988,-0.5112556773567992,0.6105246511357109,-0.13964889801572652,-0.16030530758626615,0.34737702751310223,0
0.2673108435581393,0.8335190157080299,-0.1257583749068696,-0.48821217191968197,0.4566703267519796,0.004897204060973453,-0.7408619758643517,-0.012413307128938449,1
0.4013677260723226,0.769325310699714,-0.11631389943964751,-0.46537336206591,0.3657227526799839,-0.08226302256405787,-0.3946983903092065,0.16812545853374442,1
0.712344482253963,0.771658288850797,-0.09494010052924755,-0.4386885624078412,0.3345573116917916,-0.10036002893473228,0.46815557313483214,0.024106332721957453,0
0.676776499631572,0.7587721353453297,-0.07656530073193019,-0.41440076937032055,0.3116215104111855,-0.2027186285366611,0.4033581635739131,0.0782694311662973,0
0.40453441170465426,0.7029262101844682,-0.06729297625842433,-0.39077013889091256,0.21232847827591503,-0.22816157128433517,-0.091164337582885,-0.6261848314092027,0
-0.09208583227900258,0.5764421856020754,-0.07396354720262663,-0.37305927896500024,0.03612088118424597,-0.16526776881918048,-1.1040747762454899,-0.56205476590898,1
0.2722410374072258,0.533407473453996,-0.06691654293353769,-0.35228349800741204,-0.0952080955133556,-0.10444946218401477,-0.2241715979754583,-0.21617646591661696,0
0.19761261354541143,0.48125722137384186,-0.06282250163312916,-0.33065127587248005,-0.1768887691452915,-0.179931551509134,-0.3776448449739864,0.015379962200557845,0
-0.07500112977808186,0.39236747115448545,-0.06758627664019523,-0.30790402091976093,-0.3449754945891729,-0.1987872035925947,-0.9112240400102203,-0.3340537628898844,1
-0.020484028486103777,0.325572225422382,-0.07014713537679684,-0.2904355701379607,-0.5010542673043085,-0.34728349367942124,-0.5584288930974113,-0.3460620732729267,1
0.1033002783351471,0.2872441076069554,-0.06858494492129127,-0.28043280392096576,-0.5928498517081975,-0.4131522944157381,-0.223710495335075,-0.015830346160840298,1
0.14730314624334787,0.2592815712303423,-0.06582781054634299,-0.26863094901633333,-0.7093253252622742,-0.443382006696701,-0.10776545124637708,-0.11174161176101918,0
-0.20790692164500207,0.18568422041067323,-0.07306898154844482,-0.25824578069879833,-0.8258341818727548,-0.5299366907007254,-0.947825351421366,-0.6696028765436606,0
-0.4990032991124188,0.08137919176990231,-0.08849418182076252,-0.24738657330445962,-0.9057848257864493,-0.5339407336894987,-1.6362502025509462,-0.8662077539235221,0
-0.9363911198582173,-0.07846286089511671,-0.11801716757276308,-0.2397915792402312,-0.8874048719035467,-0.4936735888010395,-1.6512258168278573,-1.0781976333928518,1
-0.7154478924933312,-0.1766730113301461,-0.13912542695964394,-0.2339041189625875,-0.8089033988718216,-0.37121318574845763,-0.7682258555517264,-0.5705877802022794,0
-0.7314980030075413,-0.25554535623591623,-0.15878114692489062,-0.22609367746199613,-0.7693479402482936,-0.4498725175880486,-0.7952201617504551,-0.9046456536495886,0
-0.9605522498135556,-0.35487139089407077,-0.18460186947690127,-0.22248470719610114,-0.6952860674047413,-0.48231273043963696,-1.1198450163009777,-1.051366041993872,1
-0.692350653501799,-0.39930092014819435,-0.20170115533683128,-0.21706586903114825,-0.6724001427929804,-0.5230688676878441,-0.7844687692357899,-0.687543321179662,0
-0.7169016196741282,-0.4346143662692043,-0.2179579551336205,-0.20968634976168551,-0.6511490411607282,-0.5744477130632857,-0.8265636380365861,-0.7504501374906708,1
0.08659191977187412,-0.35485257514129814,-0.21142039032314006,-0.19870324983203672,-0.7578504689010797,-0.39208390215519784,0.3112632862338137,-0.30984815856938674,0
-0.24308986264844756,-0.337299152310747,-0.21529184321843808,-0.18797332457871574,-0.8569299074877224,-0.36581581115700085,-0.06280894790864404,-0.5894487247898419,0
-0.7018197959844517,-0.39850602619826825,-0.2346911562829998,-0.17583753298732369,-0.8889448100517443,-0.3394898676472292,-0.9952401612088402,-0.7521200668563235,0
-1.178690198235442,-0.5450985038994003,-0.27313399241107167,-0.1705856768449532,-0.8178847172036494,-0.22321182406684006,-1.699497876752534,-1.0683570151712245,0
-1.2453452821782915,-0.6710423929169969,-0.3112114963074357,-0.16817251508647657,-0.739860377911385,-0.32839276312618176,-1.721323781963934,-0.7656242071740661,0
-1.248033758176184,-0.763906393678243,-0.34578941056204515,-0.16473593012807494,-0.6482360824184015,-0.3202089986442662,-1.4955818463708836,-0.9100921291767353,0
-1.6859959267796547,-0.9426455049800877,-0.4003231900998564,-0.16693903405589883,-0.4818109252195505,-0.09075418560016651,-1.5748642343141737,-1.5017105865930092,0
-1.8151279658162922,-1.113250580820738,-0.4578776985153348,-0.1698746866257577,-0.31172832314465987,-0.22134730304747277,-1.6948861699600488,-1.5204515736575466,0
-1.8835010000186487,-1.2572252599188007,-0.5144129931462676,-0.1709896784059375,-0.14420160419201994,-0.3764456922492842,-1.7444749074035983,-1.7893806126522571,1
-1.572121754849554,-1.3217745031156158,-0.5583636223875671,-0.18334633439780543,-0.045565691210872505,-0.41896294741872986,-1.4764938891505148,-1.5823461309029212,0
-1.5966784213918588,-1.3649372004457885,-0.5994468979035139,-0.20022229789001011,-0.029279216300677903,-0.3695094827589693,-1.5255625574276481,-2.1189385463167967,0
-1.7164094482152652,-1.4155999405939397,-0.6430065113016287,-0.21624180652566896,0.010964142696160549,-0.5415746675397592,-1.7502844715610604,-2.055472204922654,0
-1.7374614562303599,-1.445823174461945,-0.6835330676972945,-0.23343014828179381,0.06051051020010481,-0.6481819599502786,-1.6850739466838125,-1.7057761878771145,1
-1.581643692529161,-1.4392718629059564,-0.717132308154526,-0.2502253087259607,0.12124781241151816,-0.6741893793383499,-1.4601767963076762,-1.1026079777015607,0
-1.6655325669413528,-1.4377632507553428,-0.7513852178165764,-0.2696275199421278,0.17764663628159616,-0.8626762748727175,-1.5802834144227609,-1.121981894493969,0
-1.6926149940987512,-1.4273544788381238,-0.7835929590389823,-0.28745150687113186,0.2084329454370565,-0.9777647177632842,-1.6121751939598037,-1.1516738285446577,1
-1.1953007716685926,-1.359234125453778,-0.8035301070914573,-0.30690222453868543,0.12976317807874665,-0.8888796775261948,-1.1063377489405621,-0.2786375852825413,1
-0.8963007551738704,-1.2620175958462252,-0.8155089729907232,-0.324386844137615,0.0650498363019577,-0.92041227245354,-0.6036770436830862,0.12185241444359193,0
-1.2161397755672765,-1.227256270912987,-0.8375277823020572,-0.3429002902213817,0.020711773866332717,-0.9303577024103646,-1.276655394775309,-0.06759054226735299,0
-1.4274715227960242,-1.2283356722801875,-0.8658668628179266,-0.36264724469413145,0.03341107686921053,-0.9047936408112619,-1.4452224534698144,-0.5066690884838063,0
-1.9514869813128677,-1.3492984765741765,-0.9187364838123835,-0.3891973862846743,0.149811743310473,-0.6471179145747601,-1.7480585720898894,-1.2369430779272348,1
-1.8355127863101797,-1.4180318670959757,-0.9641368759415051,-0.4148156322179385,0.2677011917958394,-0.5808839316295019,-1.4687982495995444,-0.9962429352776782,0
-1.9060141973238856,-1.476739850216838,-1.0092700253352391,-0.44520634664866654,0.4233109321790164,-0.4140125901523622,-1.0731319503095864,-1.081239315263022,1
-1.3853665373220256,-1.4539170596291262,-1.0392028450705564,-0.4726183053430601,0.5196255177994626,-0.4765635502849022,-0.6002988896447441,-0.8552925212209248,1
-1.1677935501057286,-1.3968032342094263,-1.0613916916335937,-0.5035422624381842,0.5620247484797032,-0.6458144935449006,-0.2206757020815896,-0.6102819454405429,0
-1.308874694254527,-1.366187761632254,-1.0873746780871747,-0.5318753238992366,0.6133597888022589,-0.7725259012190281,-0.5075259526536319,-0.7448777160114852,1
-1.128388343691617,-1.3087944418858954,-1.1069786974291729,-0.5592011036190855,0.6752867409974187,-0.8162352015517381,-0.3179359140166923,-0.8860603324935525,0
-1.236346434348966,-1.2704246887477963,-1.1288736141138227,-0.5849594109047891,0.7301136595559709,-0.9196565988187854,-0.5198378467871761,-1.165179990767202,1
-1.1235009971326844,-1.2159665922259362,-1.1464014809330723,-0.6113910358865288,0.7810243377849297,-1.0819080536911485,-0.4090370524517735,-0.7995131795107638,0
-1.319842839649525,-1.1958032308931636,-1.1694603787181275,-0.6398318347449641,0.8527311924071036,-1.1605529313227432,-0.7586723355250452,-0.7727417943067633,0
-1.4011367854921992,-1.182692973662773,-1.1934163315316129,-0.6669529325606683,0.9319425480165676,-1.2997976121728565,-0.8823849207147259,-0.08054003264165834,1
-1.3480627934648988,-1.1555827756164352,-1.214152604901962,-0.6949681714352799,1.0242748197652485,-1.3377442920862497,-0.8127727667216661,-0.12491778677009988,1
-1.071279751988737,-1.0986338165272849,-1.2280461989041838,-0.7246747889585514,0.9828917579013745,-1.2975819014609402,-0.40285813312233804,0.14109096354102857,1
-0.6688682187899602,-1.0054683471699346,-1.2329853101669548,-0.7525553971240411,0.9487820573360244,-1.2762370238730916,0.919299606032273,0.04164925749109001,0
-0.9120416584671034,-0.9560159290484518,-1.2443753994199203,-0.7803444093508719,0.9171087766607214,-1.376285888233496,0.5827466901430106,-0.30404548979567037,1
-0.5978898688289225,-0.8772784298935838,-1.2484691981150173,-0.8036141551149732,0.8251493420620856,-1.3749365306291235,1.0516398044482318,0.05077471898473344,0
-0.8617250951202936,-0.8430661101935473,-1.25960164480586,-0.8312415886041338,0.7808524460600965,-1.3596659623697551,-0.24440653373566995,-0.281653677058738,0
-0.8872805700430715,-0.8114607967153825,-1.2704091401103175,-0.8585404476538396,0.7458116185474758,-1.4687377639419108,-0.3475469978435361,-0.182047720983827,1
-0.8513914543395271,-0.7755758408986395,-1.279553475571066,-0.8839055599483819,0.6574548123020181,-1.551652746020897,-0.25863124748084426,-0.2300906345972426,0
-0.9449346416539002,-0.7515959968117524,-1.290235516560594,-0.9101540340904112,0.5754092292261431,-1.652328389275158,-0.5964930357305078,-0.08955898653284387,1
-0.06763555735416435,-0.6428026550927362,-1.2829641475469045,-0.9336284617586571,0.3616671997012139,-1.5278253801392117,1.3854755680614381,0.5066236749944263,0
-0.26724723699792613,-0.5738554113050821,-1.280974232752485,-0.9583633321652324,0.1568371174019885,-1.5867024176955298,0.7523953660755404,0.3415429916000235,0
-0.4813817484057425,-0.5396349312650641,-1.2843206119190012,-0.9821232447856607,0.019960619964883793,-1.6553915084772168,0.12504646411076537,0.04298532880999095,1
-0.005611933457360649,-0.45678773037501524,-1.2768773499105333,-1.0017732410724454,-0.14417761366174567,-1.5678887694525798,1.235587351298577,0.12467033383080924,1
0.34177285637032234,-0.3443348770289625,-1.2612185696740577,-1.0162198739890453,-0.21764237342705384,-1.5233692971967707,1.282238888312298,0.5940766584650381,0
0.1696560933534349,-0.27159127614886674,-1.2507527490892891,-1.0326433568272833,-0.28585963824027194,-1.6043148943972296,0.889180298363052,0.2983900220207261,1
0.2951184847609719,-0.19725394449412026,-1.238114493595328,-1.048275019039884,-0.33168961789470325,-1.642261762099027,1.1362744692460707,0.6154408284893417,0
0.18619945826248488,-0.14862417232631983,-1.2288602297460982,-1.062662393652081,-0.37424602105893445,-1.7127821441683395,0.9272364570171009,0.5734056390893569,0
-0.19951711226432242,-0.14989291647802616,-1.2286511395762443,-1.0801147166543594,-0.47865048702083807,-1.7652142392148324,0.14454144760934015,0.31282990258125437,0
-0.6739149270424644,-0.20855484072291328,-1.2403780321711155,-1.0999317086429299,-0.5386938756820283,-1.6945175235840482,-0.9978959807884958,0.03222735259343261,0
-0.6843887793834887,-0.2547363432331818,-1.2512707942834673,-1.1243226702242624,-0.6335771821131485,-1.5527707927646124,-1.0250010455090663,-0.4692070503600771,0
-0.7047039915524674,-0.2917437788867443,-1.2616404613100174,-1.1467437035603236,-0.7392310318862354,-1.4285019677444675,-1.3649731363168363,-0.3528572389067731,0
-0.9496321803886056,-0.34937892071161447,-1.2773223979660353,-1.1671258381130742,-0.6666259586756502,-1.1106535379952878,-0.6201382228975265,-0.3886374381280042,1
-0.03302145622741651,-0.30028305991575144,-1.2727656422148932,-1.1790869326117823,-0.7102712597534226,-0.9361001445407916,0.5856415567593259,-0.14479148450222254,1
0.6915388001046576,-0.15381844410344253,-1.2469662842446114,-1.1857424253822488,-0.8003825798984717,-0.7754841712328763,1.4785510651155083,0.2206380437615151,1
1.378925239268565,0.11545455151938765,-1.192073407969952,-1.1856677916544534,-0.724623746520989,-0.39839486620813147,1.425493755510135,1.2352354721799583,0
0.7342824396082311,0.23892683573178108,-1.1598165714263182,-1.1843522217308202,-0.6542762639122449,-0.35363974843054435,0.8048209458685839,0.6407967671341298,0
0.6636479972059827,0.3216833902231678,-1.132688929101289,-1.1817284823320044,-0.6019811444346005,-0.545420729797818,0.7314762593674872,0.6464478523100088,0
0.4745956091439854,0.35515689519280713,-1.1135704389457586,-1.1793094248373335,-0.5972325691677854,-0.5911470285716953,0.5380322312802281,0.7339752672885117,1
0.5872632421418047,0.3980793693692486,-1.0917728595440923,-1.1774641004458928,-0.5928231781259985,-0.6943920117493396,0.6984722982461642,1.2315981660742887,0
0.4901242631803747,0.4132781659759555,-1.0746482908647632,-1.1758904313331,-0.6026814641640159,-0.8113431140551935,0.6058766401958279,1.163819442167434,1
0.6194947414818369,0.44260064620721806,-1.0543719548391413,-1.1719432427901215,-0.6021504853411741,-0.915528167680277,0.7763990189962809,1.3211194948631768,1
0.7967165340395482,0.4923183965855807,-1.0292639746000691,-1.166322267052654,-0.576137719306565,-1.0039367482987431,1.0175182411134236,1.7225556017020764,1
0.850845927146777,0.5346078137203873,-1.0044644262391504,-1.1609105283936985,-0.5464569272270577,-1.0914231951873579,1.0917788753426563,1.192901385420416,1
1.0746564735938167,0.6038524896720625,-0.9731298318822401,-1.1527898425847478,-0.4174665434689175,-0.9378507988926119,1.119604695487189,0.7960790389757227,0
0.9395043428381322,0.6360740210140086,-0.9476336908010928,-1.1450169915321013,-0.3388749340520922,-1.040842499655351,1.0270522527437502,-0.17033383064272,1
1.132763896512102,0.6899993559456705,-0.9169545585765058,-1.1375823724357401,-0.23248347236099076,-1.075201200805452,1.2039744858637769,0.5202043224590053,0
1.0999112703133698,0.7200297585857978,-0.889840072620192,-1.1315717172621038,-0.1228997023712844,-1.202206681317558,1.0658646123675426,0.5610648008004978,1
1.4876728865922668,0.8160846024424255,-0.8485169706569968,-1.1196182420790821,0.03624466406458489,-1.0015054726693715,1.371326208685352,1.1866264606306896,0
1.3122159879230828,0.8642571090007967,-0.8145236090252308,-1.1065975702487465,0.20104830846083985,-1.031811547985726,0.8534315746034669,0.9598382136386031,1
1.5707247741985058,0.9512966802992012,-0.7713994621028765,-1.085164038527348,0.3725270301483046,-0.9016156536963679,1.2790459422875773,1.3806427978479363,1
1.8383302584758612,1.083357927855385,-0.7168255687472599,-1.0609424665082052,0.578399410875934,-0.7130705464171048,1.256663716734065,1.6701218246813765,1
1.8890639990953706,1.1891986020000294,-0.6641836243262826,-1.0351652408857086,0.7722730642302716,-0.707605245856067,1.346633376392431,1.558827022859413,1
2.062783960264826,1.315708746659863,-0.6045983730280097,-1.0091638952125883,0.9801211908969749,-0.6770395894498944,1.3586086839862095,1.8249475214273145,0
1.9734460618940588,1.390582374780016,-0.5523335992058922,-0.9845517956467333,1.1793952713759814,-0.6496375450696996,1.1783859465079216,1.517881990571821,1
2.0805861959944476,1.467820364127735,-0.49774376282416516,-0.957133120464006,1.3646034134094627,-0.6879197753555917,1.4519045764930354,1.7998005712566512,0
1.9475122208191504,1.499094217714428,-0.4506671640559743,-0.9310356373570585,1.537482275816497,-0.8239600905198335,1.3469336586712035,1.5145251567220939,0
1.683327938127467,1.48295587328796,-0.4126510824644941,-0.9050271921779393,1.6118070536054672,-0.7473378191271349,0.9974656749409766,1.4098102688355705,1
1.728511388958941,1.463363320206364,-0.3759670642823319,-0.8790173243617799,1.680822917633126,-0.8085445799916142,1.0907650498313028,0.9962175413469329,1
2.1961938247665773,1.5783321949932414,-0.31240898687030283,-0.8450258061489349,1.8231752750538723,-0.43301529987249604,1.4039334181842131,1.8953591669129197,0
2.0673361113034434,1.6374057317903268,-0.25732115318527726,-0.8108906563118486,1.9642750043163086,-0.493143479785847,1.1818270897934302,1.479636497203502,1
2.1942735923457084,1.7114996309544548,-0.197708646712823,-0.7748788703892364,2.105774796593726,-0.42593424478180714,1.3459224710205229,1.3023520287112629,1
2.3763225572458477,1.8291471282689662,-0.1273167985832161,-0.7364049238054786,2.2629746865973126,-0.2801903851510662,1.4186426787888746,1.6334615845374185,1
2.535993905053573,1.9868555618018084,-0.04568091739116803,-0.6957391039189925,2.457903710245462,0.24289636605698772,0.9406722701917367,1.7600013613719854,1
2.606776965165738,2.1314842548932074,0.03738556070716707,-0.6516470131926454,2.6389092304187924,0.18056898857992434,1.1092592688188252,2.0370191616200315,1
2.699691326219645,2.2846738979085477,0.12593781561573875,-0.606028337167852,2.8150968377340155,0.38397322369834225,1.438145987037187,2.1711814866734565,0
2.6224075638766866,2.37003515480788,0.204539344121539,-0.5591537462206927,2.9798411094464092,0.23999816773857396,1.3826264237619486,2.197263093904751,0
2.3784355409347233,2.385845884728641,0.2709751576552306,-0.5131172116029764,3.092183211364136,0.09846316559745942,1.2350492069072383,2.2069726684841133,1
2.6071614535818086,2.5054898943151316,0.35888016510758364,-0.4613097771904874,3.226603802743486,0.32194894469780905,1.4817982200814626,2.8415566675851993,0
2.4184594566538355,2.5498794553227304,0.434401925912826,-0.40984285916106905,3.3606375553780077,0.3417216276573291,1.1377392799454935,1.9069613041476092,1
2.445611826712961,2.5695663819988326,0.5058424996789334,-0.36131311209296635,3.46565836990584,0.1733124481555394,1.2135264698839978,2.046883550194508,0
2.2168465782856046,2.5321508479497177,0.5659021776970996,-0.3127808343724345,3.566076598060522,0.018403357599873514,1.0945313971885693,1.6783642340314202,0
1.8267858820391512,2.4334809822208765,0.6121935142419757,-0.264865023583147,3.559909800349945,-0.09553750503256538,0.8282609392062606,1.0676818074576546,0
1.1361778788352261,2.248412393183411,0.6379280282172165,-0.22260464644194322,3.428209557673347,-0.0032965494355653435,0.1974253203743492,0.25585274253070966,0
0.023798713438428428,1.9026337593218583,0.6255726255463565,-0.18981212399065578,3.020713091739514,0.6637415387187343,-0.9377356424549432,-0.7755590513751123,0
0.01313677913292132,1.606815969917956,0.6139825049822111,-0.15632056694298957,2.6423235178815485,0.7875345821276513,-1.2010756989265894,-1.0777767776044647,1
0.48300433377502155,1.457299766206061,0.6243499385624071,-0.11907178443480713,2.293084770322253,0.8505238509290882,-0.47004916750835535,-0.5729740526111508,0
-0.13896387962025647,1.2005985293484454,0.6087878538402967,-0.08665892824359676,2.0022416754940644,1.0830370861740553,-1.3443947178451894,-1.0363912748555606,1
0.16412159134533252,1.0538539552889719,0.6089017052630209,-0.04949601008830527,1.7301253255548346,1.034719284117505,-0.8468306453460276,-1.3094474422421043,1
0.43054925589254744,0.9925462314405862,0.6227101186450161,-0.006889603845501253,1.4260570361827576,0.9682851096165572,-0.3663883870095531,-0.9214818368600227,1
0.4310433516530998,0.9321089495089873,0.6352290704401282,0.03578231209715984,1.1595848462021898,0.7649255414795704,-0.3654900898784235,-0.987015295276464,1
0.6841145170227907,0.9376749216774751,0.6598240333669404,0.08138245280282531,0.9484703943839387,0.6408011239289189,0.09962920558559037,-0.5947882370969276,1
0.993127793913312,1.0197374243715007,0.7004360603803006,0.13222165959670315,0.8312767157197595,0.6338761555173317,0.7432184735365801,-0.007360668739093654,1
1.0408573712332008,1.0858758610784964,0.7401888133714606,0.17971749151671024,0.7336332088110797,0.4289135952128844,1.1311712195382915,0.4305833778635521,1
1.103072996356948,1.1426744574607453,0.7799611552225205,0.2234164830063139,0.6779359922972314,0.26358998680495166,1.268778272945317,1.3855216160971109,1
1.107478898916554,1.1741894521167462,0.8162027460219264,0.2604669170810205,0.622507847659659,0.021838952499218044,1.2787233611054618,1.4020404431927997,1
1.176969798740439,1.2032320870858944,0.8528755845986727,0.3020407897751618,0.5998312113358146,-0.08450366415536982,1.282870497843768,0.975247718397996,0
0.8369720769285728,1.1655001887256906,0.876721751440879,0.34206862534517274,0.5332049530876819,-0.1670744843791703,0.9381949494797871,1.3763459761180792,1
0.983728038152298,1.1567030529662687,0.9055223810934185,0.3847842873768176,0.4847109606580992,-0.23345285468465934,1.1879499615581566,1.1902677352905613,1
1.215461471548756,1.1955241786957003,0.9438968335938449,0.42916070032315123,0.4696276843518062,-0.2735209768532384,1.4871749456980985,1.1393511908343688,1
1.5344224518466916,1.308985924527504,0.9986731534387536,0.47835005852657864,0.5405557468897251,-0.06807440770446178,1.3606107307113395,1.6019627310219127,0
1.4215559935512707,1.3673129071825172,1.0452756511886547,0.5258950534996837,0.6064175191585119,-0.11260215974293253,1.2363679136414651,1.2087086270138945,1
1.5056604702605547,1.4221886284971643,1.092762495085577,0.5731340994339513,0.6675748790466348,-0.22846065758232842,1.4046239702757397,0.8928070630407258,1
1.6666620004838435,1.499964734351909,1.1464237136839193,0.6222032858450975,0.7653788676042521,-0.2286885765135525,1.3369743183563578,1.060915315443081,0
1.1947905635367433,1.4842318245069495,1.183017514641221,0.6668419290996889,0.8280689438205802,-0.2524292199872328,0.8939315146186727,0.7068826858017299,0
0.8459438796812488,1.4065852393606486,1.2064578177086858,0.7100328476571437,0.742770962107958,-0.1700600825794857,0.3254810905514592,0.48664035613952733,1
0.9573897732530618,1.3553603483244083,1.233168476279159,0.7527758133765953,0.6904763215754617,-0.19945934364319967,0.4179870619149736,0.5201301340931342,0
0.41333512706400094,1.2200007876631493,1.2412385183283703,0.7922354695995139,0.5960645606543574,-0.13607028264605858,-0.5319986788007953,0.37521242148946393,0
0.2973885807826097,1.0807571483996306,1.2448373075291812,0.8273410904443894,0.480644423715608,-0.15368183694386367,-0.7336078392405517,0.12998362963857735,1
0.5188639970863247,1.00242945139745,1.257170219928029,0.8650962907012427,0.40819289344669735,-0.08670096982143101,-0.23937652166185788,0.05654279776463955,0
0.48084387621900515,0.9230232679672048,1.267222878220018,0.8999888442909574,0.34091647252876867,-0.2142136963076752,-0.29958091256802594,-0.399284415527615,1
0.9459873751923835,0.9502252861729918,1.2970432959150135,0.9359794548083952,0.34847352130034465,-0.08506272711652482,0.7845178657697486,0.10829543356040885,0
0.8275759274760385,0.94355182825793,1.3207579803403937,0.9705824470436414,0.3601560928155,-0.1935748663910205,0.5040220435062388,-0.07614630955270915,1
0.8969296225875,0.9417889229888865,1.3453769289609634,1.0033170791107582,0.35940553381483364,-0.33355273034814875,0.5598965076797001,-0.23540792331660867,1
0.9238727922375884,0.9342301700001201,1.3688341049621942,1.0366526658937,0.3740676072778547,-0.48951340393943477,0.6480628030356378,0.043738254977690225,0
-0.12472246249603944,0.7648411070769573,1.3589952208424902,1.061837363188994,0.16692409976996808,-0.09559486658474435,-1.4058929331192092,-0.4170375564809265,1
-0.09499580220674991,0.6273396496832327,1.3511475559813848,1.0877377016322671,-0.018042224058665807,0.02361157872143567,-1.2596886139738515,-0.5107093637409751,1
0.07553866518790005,0.540233592114312,1.3499871657895433,1.1158724420182478,-0.15583101505413297,0.14900950882354483,-0.5075365913434892,-0.036758921713278075,0
-0.07453248112322822,0.4412706394326448,1.3441545459147854,1.1425048366522725,-0.2970938663903173,0.19535173828919555,-0.7286948952613848,-0.06025853223768295,1
-0.03969187276441299,0.3628851397837683,1.3399831046684014,1.1629202663834424,-0.40594681148155903,0.22906914644305226,-0.6503036957847984,-0.23349495593998496,0
-0.09808893725211078,0.2878359307453364,1.3345119367133078,1.1834886843132335,-0.5070245461761593,0.11625647025520841,-0.7706179591403203,-0.24651866549530488,1
-0.008199618631506101,0.23696219395813686,1.332107374806822,1.202521967443134,-0.6456525564119406,0.012972684865725217,-0.5901442817102674,-0.6300377798866701,1
0.1116042218740931,0.20950036301257732,1.3332746460326947,1.2187690980052086,-0.6145469635477251,0.4013927262402047,-0.5672856168319766,-0.49071246644016103,0
-0.4634907531050453,0.10619359334744607,1.31831120242673,1.227799546522104,-0.6956152830846888,0.3885289052885511,-1.533521753342909,-0.8977524755156093,1
0.05118893280700349,0.09498834215543332,1.3195581261029903,1.2380154757486752,-0.7513685230165746,0.35403444864640726,-0.6417318612580358,-0.607577729399648,0
-0.13990552140063323,0.0564244659203848,1.315055016502474,1.2441887219209518,-0.7955768748474025,0.29161124864403304,-0.9813884825408741,-0.06643610614986284,1
0.2600926383320235,0.08647117535488004,1.3237090017356004,1.2533885189624272,-0.739344242443404,0.5988514092873506,-0.2136717810229383,0.18940660731577788,1
0.49289255734962095,0.1483446493978871,1.3398443254519634,1.2653471648839218,-0.6871282266498333,0.47090072126816057,0.2872850365163622,0.23930385007948823,1
0.685447710428161,0.22967927043310635,1.3617713015253183,1.27295720607069,-0.6057027112878014,0.6035660319135565,0.7293023312776605,0.5059940971828252,1
0.7415826272779018,0.30010892549169543,1.383769867860138,1.2818783714403406,-0.49386578287726185,0.5336139731037146,0.8016064160700889,0.5283806847390853,0
0.08657261121352781,0.265939337426024,1.3863166942322582,1.286450945754468,-0.5040793690430494,0.6451331844921404,-0.22235438278572792,0.18643070186221408,1
0.32666348955711266,0.27532997969821843,1.3969007390921113,1.2937550515816019,-0.5271947848535345,0.6212328030276842,0.22910944098367333,0.31101129177076836,1
0.6469286028564971,0.3380687797175798,1.4187164502753191,1.3053695150938087,-0.4984315028981777,0.6137458082593958,0.9722121268445183,0.5033836183154426,1
0.6521388573017703,0.3831563109182601,1.4386601861339519,1.3204584823132164,-0.42818825752996803,0.619538270839901,0.653458868846506,0.8722139818355006,0
-0.05292898948740292,0.3145058175009371,1.4365450535509439,1.3388362033516767,-0.4813168030411082,0.6592327133257058,-0.4242509450322029,0.09603461720707487,1
0.5722149027062411,0.3763961181877751,1.4593164148125388,1.3625458722620247,-0.49125090127212984,0.8402126169287899,0.8953933737992075,0.7617741779046552,0
-0.5411710741455504,0.19724588212379038,1.43440604338989,1.3721553887710503,-0.6190883257344565,1.4097443869020256,-1.506242189353307,-0.5096196652217945,0
-0.7906922128294657,-0.013972492705876007,1.3980599241920557,1.3841304086977082,-0.6741539690829992,1.565548347173523,-1.4682498368181411,-0.9806514431735391,0
-0.8012740826123899,-0.18340252996819084,1.3645838955788963,1.3929641776438093,-0.7252863521879651,1.4165896440683299,-1.4931714186756027,-1.1428040588508608,1
-0.5072864581730981,-0.2605576871973334,1.3455071734888207,1.4012680142924716,-0.7946466129317663,1.387586142599713,-1.0207709787746129,-0.9480929101585776,0
-0.6132369587461176,-0.34448114404331787,1.323078805917226,1.4084683223324874,-0.859052569331951,1.184179631043433,-1.2385540249346245,-0.6996771662747137,0
-0.6274512288066656,-0.410788362288935,1.3021179594134946,1.4127076439199693,-0.8868692426010154,1.0536363635639567,-1.2667230630824606,-0.8864988589520649,1
-0.5766851319110725,-0.4509925035827721,1.2848504552182018,1.4134069110627872,-0.9300360823747665,0.8829073845742885,-1.1952139127886472,-1.100135365777199,0
-0.6401220355218645,-0.491389601215754,1.266600871539443,1.412908947061144,-0.9520439427242948,0.7043461752997381,-1.3058905872797364,-1.1599400312284163,0
-1.0661658072241598,-0.61309196845828,1.2307406197805275,1.407491668325255,-0.8972256928337098,0.7403255603371762,-1.677153823177726,-1.1644474594048098,0
-1.472152707876657,-0.8165279274165342,1.174967951122045,1.3970636157084828,-0.7583311673939764,0.899169276019023,-1.6272438743306559,-2.150786333216087,1
-1.4078210790752934,-0.9586896242726102,1.1263793579367307,1.3862084299996222,-0.6293576794917806,0.6336747624748154,-1.5734517177486325,-1.2016579118311255,1
-1.3551896327446677,-1.0532546579048758,1.083874648285254,1.3776457554848753,-0.4595360759838286,0.7346927375439459,-1.149359180944997,-0.8758697710529461,0
-1.4449077416575424,-1.1405488362193896,1.0405027579663542,1.3665036758659943,-0.3073465639564146,0.5751464638484277,-1.281540212920558,-0.9733080505315637,1
-0.30970728715442625,-1.0207329128033669,1.0374104026563873,1.3604249256232661,-0.35733147600413967,0.9183244878599055,-0.004145196190452111,-0.4102943830921932,0
-0.5443749762552643,-0.9688667247350622,1.0238719727901104,1.3478030709362399,-0.4037460371896736,0.8968773246213452,-0.01392268284017554,-0.536217742513625,1
-0.1889716531068753,-0.8501212321987477,1.0256142578515932,1.3387820337105336,-0.48944869495010973,0.8655581220529658,0.748502386998976,-0.20969092833896483,1
0.16552084107857906,-0.6720799273266236,1.0428724555560356,1.3319618843818786,-0.635180342087153,0.9148114890374142,1.362213553180911,0.10177979485111853,1
0.2623613418821867,-0.5040624976966988,1.0630121523055298,1.3238304877575189,-0.7389911131859791,0.7171149254238571,1.2884617895539825,0.2618850436453975,0
0.2566504990194805,-0.36891408719678076,1.0810257533676046,1.3181952172536384,-0.8481126535912098,0.49387536743996985,1.2803025806953985,0.7049322338970684,0
0.19838839685567927,-0.2698161317335229,1.0953212576745799,1.3141886199350339,-0.9420206951503529,0.31732137273144595,1.2017610412587887,1.2231125887991992,0
-0.5035001783384587,-0.32511560593106065,1.0806365105321751,1.3031450852895845,-0.9396985255999372,0.6447052093713089,0.11851305859760458,0.5329737675714075,1
-0.31908483488203093,-0.3321918254214089,1.0742680103060815,1.296991154150968,-0.9672841903819437,0.7374981184527576,0.38983516264712675,0.6591069120237758,1
-0.19093774478920716,-0.3115597339066373,1.0733432470209108,1.2926515913689678,-1.0137222151613663,0.8053193487061798,0.5795576022437137,0.8912946003303092,1
0.584383139189526,-0.11993383822267428,1.107979195026874,1.2939200227614451,-1.0750913775157933,1.2019624511601075,1.337200792669018,0.8390379086735891,0
0.412425943343836,-0.0015097214765791816,1.132788893080182,1.2940365285275082,-1.120438497592049,1.1463743058549611,1.0483864656199844,0.9454809113014396,1
0.739945343300806,0.17752480985780048,1.173154164047401,1.2935567168273279,-1.1205212208600097,1.2097791844482515,1.2891539641262904,1.0184862497866614,1
0.7431498235118134,0.3154411503450754,1.2098571411097887,1.2938093990523747,-1.1145590485520136,1.0777767268054446,1.2229572754248668,0.6586322560154467,0
-0.12584757919221987,0.2464419096500977,1.2077739755657348,1.2858923418489903,-1.1736773850449083,1.3835643064512306,-0.2878687865503082,-0.21934671340588546,1
-0.11243105301831735,0.19140231181775255,1.20651335911657,1.2778565765279708,-1.214216320422171,1.2624504747379262,-0.3603508476863986,-0.20109396311473257,1
0.1332007524115607,0.2006020147261581,1.2167896261534572,1.2788457880429234,-1.2304007912135189,1.3046747737694544,0.13820670918757583,0.09407960838710237,1
0.26608454999714426,0.23552949839122145,1.2324847307570472,1.2809702365574722,-1.2916240820870881,1.1554820118898392,0.4175783227882341,0.8700081157123073,0
0.2272481263992244,0.2517572948573725,1.2452027176960208,1.2815177739882824,-1.380352014950458,1.1195739641534501,0.35284625290379085,0.6741221324609924,1
0.6991912913903463,0.37614191473384945,1.2804272580871197,1.2881204787170388,-1.3793530929693107,1.3043791619193994,1.2142647547719534,1.0928574854926163,0
0.5198147919496615,0.4364847423414402,1.3058215155368713,1.2931124847323536,-1.3784255225582533,1.1249639002705152,0.94700280425659,0.14561425973490189,1
0.5328890018963318,0.48074274604208617,1.3294474363679987,1.2986031660678323,-1.4212422933932585,1.0322373075269429,0.8625294659808592,0.3030291054614459,1
0.7884433353586915,0.5719310747152994,1.3637744635040785,1.3063046116844275,-1.3818913091888063,1.0348800596410055,1.1463441001905668,0.19019732077126086,1
1.0251312704271094,0.7006257140842251,1.4081474791953996,1.3161247742298035,-1.3205281109307654,0.9133862420290771,1.4484395471387561,0.4702650894454825,1
1.1368948532410073,0.8248724854201195,1.4549780875314975,1.3307684013388503,-1.2240585062459801,0.7886723734836014,1.2975028405712836,1.418374648075436,1
1.245445516657639,0.9438379959223835,1.5039542613120336,1.3436741952281985,-1.1873185155537103,0.9148107269435681,1.4062753424719294,1.5495615455560634,0
0.8950660003509243,0.9751880755264123,1.538045558522359,1.3556049766145901,-1.1532028099110772,0.7290133989647384,1.0247252278089125,1.0580531597030944,0
0.8342518339124935,0.9786607769663369,1.5670956435363654,1.3644503044866412,-1.1834985323585054,0.5753269661913997,0.957736008425785,0.8729342223571916,1
0.8620944596351009,0.9754839327878455,1.594705393683355,1.3718128478660385,-1.2042589955312497,0.42617263386319243,1.0072508243315053,0.9353964807338943,0
0.28292986459933644,0.8770147605682757,1.6025474007941967,1.3739772670097343,-1.262155595184064,0.6426578636900173,0.36744729387439523,0.044700232899968745,0
-0.07969936284910618,0.7276018400247175,1.5971334908423542,1.373025153491443,-1.341260603503183,0.9383745639809037,-0.5344702460666375,-0.08331706953124106,1
-0.04873239364215695,0.6064885699657819,1.5933535019280132,1.3759981913212105,-1.4208916506125915,0.8391442174585944,-0.5407614730604969,-0.07332580243690823,0
-0.27660466013713875,0.4647565726338634,1.5820015486804628,1.3755269154432725,-1.3558721280722215,1.4510221469522644,-0.40844560280873965,-0.5133352656146288,0
-0.3013518751897496,0.3430099254721629,1.57087254041624,1.3722728931188823,-1.2954968571420769,1.1808148065356778,-0.44140750851866756,-0.8024235538708919,1
-0.14189400083856443,0.26623254625678583,1.5656665981398958,1.3700083832518941,-1.2530631983552405,0.9576726569836665,-0.2546209032157742,-0.8353616808232924,0
-0.31895841233731337,0.17453782440291724,1.5553651002166795,1.3708389844160773,-1.1783269293028384,0.8496268906042025,-0.46937653497071086,-1.0809330656002285,0
-0.7081188736226378,0.03348771226870224,1.5325213743831452,1.3635519091958166,-1.0367788794951909,1.053713096817772,-0.9887868275355012,-1.1593306207698673,1
-0.6590045531109634,-0.07227500700873596,1.5131535696678915,1.3662107083901494,-0.9053414046741259,0.8267586425130089,-0.9388431972768395,-1.0969457781387693,1
0.4870446344267539,0.03574762053912446,1.5348219233093716,1.3801297344737034,-0.9838751020179377,1.2228623509256518,0.5664468388361579,-0.31031248054108984,0
0.1922946862573147,0.07026899909564353,1.5444922096295235,1.3920637715102444,-1.0567992495513228,1.151402701227828,0.2695519545757213,-0.16226606461741755,0
0.17842166559500705,0.09301186290412254,1.552773369825115,1.4015164559648008,-1.1567786055370466,1.1757769902955235,0.456846328041657,0.09384482266736366,0
0.06593696298507083,0.09078249488264066,1.5566249806967556,1.4112936931733335,-1.255157443345837,1.0982611245426874,0.2962640993515458,-0.007868614004130435,1
0.10066863515623176,0.09262172078471836,1.561306052809256,1.4214671211183312,-1.2670967508430633,1.1745225277372062,0.42537355327535575,0.18898302407362422,0
-0.16622628296031036,0.051553245264336404,1.5572973334498863,1.4295284939060722,-1.3130994999159686,1.1605562922314747,0.04877823826605025,0.030273279656369768,1
0.5342898558483272,0.14360987240184814,1.5794946209786869,1.4436344736475788,-1.386046439625328,1.3379705656826846,1.2755212519511303,0.47861688981458933,0
0.45220379599654903,0.20082119536646803,1.5971072833326343,1.461326346840687,-1.441952800593505,1.2379623135156481,1.0576516241114233,0.5489790720949019,0
0.08320862972289268,0.18590968762378196,1.6015218064082972,1.4815266984739581,-1.5055409763366114,1.2135166444720238,0.5053784278736697,0.6014090563418337,1
0.21891838234530286,0.19526013666990116,1.610509117726103,1.502390094722333,-1.5645871395265696,0.9949804288083509,0.7371178651681741,0.6810260303183493,0
-0.12114208838239296,0.14532502704498504,1.6076137168022606,1.5206013398686966,-1.568013745990201,1.0810979624902755,0.22535595690105728,-0.4011415336939823,0
-1.3196907595482568,-0.18352809117350408,1.5462196981072418,1.527369781812625,-1.388766194736836,1.818975970419894,-1.7207134500393462,-1.4383460252095246,0
-1.336064636670241,-0.4457606524305445,1.4895545470167155,1.5262205373098643,-1.1992649279418504,1.6945247724167025,-1.4345790272753536,-1.4527457034993538,0
-1.4345634271244028,-0.679337787497273,1.4317324126447266,1.5259608376540332,-1.034288392693758,1.61664339258677,-1.6538202005364768,-1.5196428376560882,1
-0.6290205111536097,-0.7142922893779391,1.4084142220013711,1.5288892265674667,-0.977735464646855,1.8070940136846283,-0.6768451306278966,-0.9276234972194856,1
-0.5148475735273869,-0.7119094568811569,1.3919979542423386,1.5294804280120449,-0.9611095092479885,1.6046627554769777,-0.5191271529392487,-0.6579123392751689,1
-0.38618011613953934,-0.6777621257012716,1.382346453282606,1.5302152884392692,-0.9848952441804302,1.4543701250902512,-0.3438835093163928,-1.0737093897346484,0
-0.9079568129844094,-0.780188244351157,1.3458133504258971,1.5250878446418965,-0.9194021069664235,1.6400499042165781,-1.2805532353634081,-1.605998694357657,1
-0.8032079076312144,-0.833090048136542,1.3167905694305726,1.5212422652136675,-0.8599153400350132,1.5948154536346337,-1.1447407131276168,-1.294372619399001,1
-0.17672363877018696,-0.7355264903103307,1.3173183915723057,1.5289555296610566,-0.8708429432920308,1.7253465630941522,-0.24224375790144329,-0.8295645465356377,0
-0.3933071689627262,-0.7059951032118791,1.3067172080646994,1.5328453065919458,-0.8809900034592566,1.6908759625797056,-0.6155107230745118,-0.8389048066805903,1
-0.1685705288349967,-0.6256401213451791,1.3074502513922415,1.537900920897996,-0.9181792032813971,1.6023483651692145,-0.17410062409797633,0.6762251368589833,0
-0.4599662634365951,-0.6289940856019377,1.2933158416516342,1.5322762107382975,-0.9028900094793072,1.5905456995805896,-0.6730981690727681,0.3674619801468691,1
-0.31850144647260215,-0.5953360557006759,1.2867431426070661,1.5293588882995328,-0.8633106276696273,1.575124472562673,-0.44459447878933905,0.6616753173695776,1
0.07374182517231645,-0.47328105355311895,1.2992609334330156,1.5265575928547495,-0.922144640725645,1.5979877683525903,1.1883586177816818,0.40650373900810965,0
0.05314258353001544,-0.37792130843102745,1.3096762724685405,1.5235242297428,-0.9984130255183432,1.3961128483467355,0.9426639262111215,0.2811199280341031,1
0.2550077753265719,-0.25290365865763004,1.3287740362873668,1.5300440385055676,-1.0804856235465683,1.2240276754777977,1.3253108464457537,0.37709195334863965,0
0.09963266304744973,-0.1837539894910586,1.3398114416927136,1.5351051792093506,-1.1310839362951415,1.136619818772605,0.9679846163663396,0.8762214362607118,0
-0.18994018018790584,-0.1879760391469361,1.3376527060054229,1.535160429507475,-1.1520273218418287,0.9776167454604587,0.23991321165905147,0.5092880944221163,0
-0.24648356043873015,-0.2021640640475929,1.3332809898308937,1.5333426276710795,-1.1509586863190613,0.8954149532014604,0.10185806130304671,-0.14409228293694173,0
-0.40053821933754824,-0.24392611987082888,1.322824051054417,1.5304584499395093,-1.0982554043683534,0.9638548806356447,-0.2692597916359104,-0.04380614107108515,0
-0.6354778211635986,-0.3256011904220985,1.3030124735693815,1.5203361822111454,-1.0255533284012366,0.9307273811013496,-1.1721577812616855,-0.4956578895259185,1
-0.43775843414218474,-0.3537173777649019,1.2919273774136888,1.5130428419162274,-0.9428512078631649,0.8315482046706971,-0.81273348980708,-0.022302482886851445,0
-0.6102291991098114,-0.40872659244727705,1.2745641820858995,1.504053239497426,-0.8529746771719408,0.7721753889477323,-1.130016394088683,-0.3211617691686993,1
-0.45746697894852967,-0.42388829041680914,1.2638738551340996,1.493378427750208,-0.8054590072463154,0.6159022288638771,-0.8149608604263446,-0.6073177554344065,0
-0.9356685708268835,-0.536615707259768,1.2327984561449756,1.4753274071004858,-0.6940542259151242,0.6889376712627712,-1.6499137481592376,-1.0512198088300106,1
-0.705127612128339,-0.5836096760985807,1.2121464357667528,1.4574421510243398,-0.5899179334428835,0.5524911845855373,-1.2376524330547114,-1.0891613182528774,0
-0.8206472172592475,-0.6407621917611799,1.1881819266017497,1.4370318373148339,-0.4932199475758169,0.40794318555251036,-1.5225945138088504,-1.0747724131404734,0
-1.319364630777389,-0.8086678085449828,1.1400252990745894,1.413168236340906,-0.30548301001269285,0.6812577226200724,-1.5228184265440468,-1.399935832987402,1
-1.2574702768496506,-0.9230816024916091,1.0983274741554274,1.3900836932968614,-0.12393655482733336,0.6231984416045848,-1.368625068204055,-1.3093001339518031,0
-1.2895436293992972,-1.0120517096805353,1.0588324603857955,1.3663416457146478,0.0446422964161951,0.4845070451312227,-1.431239596807184,-1.213266514187454,0
-1.8759593177197058,-1.2658953306451832,0.9832571068813992,1.337776051493551,0.2829454513974987,0.9219137357651113,-1.709436176182103,-1.8822380498789797,1
-1.523561820984339,-1.3985120946630447,0.9257500492498865,1.314177662893985,0.5042269524515431,0.9220250929723159,-1.393617128607113,-1.780345253782986,0
-1.6664430482789971,-1.5392269536529954,0.8631613516654026,1.2880984415221204,0.7305348587938905,0.8993214689317591,-1.5169450815631407,-1.865202396305812,1
-1.287762439276487,-1.5742565769889922,0.8186004069043512,1.2662681445377588,0.8004103601282412,0.938230047284109,-1.1097625312320816,-1.6996946753573623,1
-1.2178825944792853,-1.5739369152120324,0.7805458657197543,1.245100864810096,0.8672101698608659,0.8409939037043881,-0.992360659517495,-1.2000320096245929,0
-1.464060406655994,-1.632743569357073,0.7305897922859769,1.2196017920873452,0.9514521400439695,0.8414314313239284,-1.5102719459111065,-1.7082641587529197,1
-1.2082831852810738,-1.6222080918232045,0.6934273858814853,1.19699794989163,0.9728757005004487,0.8661322935820585,-1.2422075692687413,-1.4162324242283582,0
-1.5262252424833103,-1.6978464790383325,0.6390771692836515,1.1728636101456091,1.0498300246662657,1.1032487863614742,-1.4030852972822474,-1.3210404561753697,0
-1.9564007325489872,-1.9185789615389384,0.5531041852968442,1.1406347665838557,1.196880389754777,1.654614715498944,-1.4512508492799205,-2.2164972271025882,0
-2.012789622729314,-2.0987956514851787,0.46959768630133575,1.0988637902636489,1.3334271573369583,1.5513243079304453,-1.5872794641757721,-2.312582444822792,1
-1.8452132370548728,-2.1913978392536717,0.3993495467950518,1.060330626413097,1.4814920038111572,1.585308280797518,-1.2198646538881783,-1.3158407001395598,0
-1.8452132370548728,-2.240194380981651,0.3357917062893656,1.0218969240425313,1.6189807898229067,1.1324791865175217,-1.1479193609732319,-1.5618869952929282,0
-1.8680070992806173,-2.26299903488618,0.2764665597506066,0.9838499874380414,1.7611897923798876,1.0114511218591038,-1.1911542529220847,-1.3672506671180684,1
-1.3501299093221326,-2.1826769728420174,0.2378751310595601,0.9487535453379149,1.7819092595157433,1.0492925199121457,-0.6728711898563441,-1.277456458480548,0
-1.5327639146053142,-2.15447761373591,0.1909961345199585,0.9128669788332376,1.8329969396499877,1.1493798328839062,-0.9486048358623238,-1.6147307887932765,1
-1.529175959124854,-2.108542312352049,0.14868578678990807,0.8715159403447053,1.8685890855978493,1.068791576756629,-0.945065061435997,-1.2613698780914138,1
-0.922170180220816,-1.9591163497254944,0.12897349699191535,0.8346348274361746,1.7988136941935116,1.0832013647860075,-0.31295559675808976,-0.9965495385147011,0
-1.1917637764239082,-1.8945544231618565,0.0960549286208568,0.7969967485094883,1.7490373621549498,1.0901366849658882,-0.7686327422114475,-0.8791047513742191,1
-1.1244132969936456,-1.8131912150134613,0.06840403627333784,0.7587509026242278,1.7163631910029908,1.0093172695279418,-0.6708629625515957,0.08990142767771385,0
-1.413674961240335,-1.8135185762166852,0.026274330936952323,0.7192121532535601,1.7228350946896778,1.0294637556494817,-1.3001415663837395,-0.20486658954358095,0
-1.735108908753135,-1.9064033611200564,-0.034806665250387885,0.6872816804525638,1.7786346956432089,1.1398918198883308,-1.6104921953319633,-0.9338392470794179,1
-1.349584303281802,-1.8986323514806054,-0.0777693937933197,0.6582022269967411,1.8004776261718443,1.0079235986448107,-0.8920926592397009,-0.6162855979898032,0
-1.715627754335284,-2.0083184423898612,-0.14454527322604016,0.624586544867327,1.873524993151626,1.2418533747201415,-1.538542788118332,-1.2923273170790124,0
-1.9617289757841716,-2.186439923036497,-0.22828922406558438,0.5798540486056967,1.972578257825759,1.2944718714555563,-1.7239150065399025,-2.246521397611275,0
-2.208250905612162,-2.4416616295749405,-0.33261256395278316,0.5280602660371123,2.141972280697402,2.296734837326996,-0.8855702885829061,-2.7054581987012716,1
-1.753528028368346,-2.533654065438251,-0.4103302511131215,0.4787031187381664,2.17311854322659,2.3855573340411538,-0.5633527653211212,-2.278195981893724,0
-1.8793992103525097,-2.6417903087669825,-0.49370149464303464,0.4324787823519529,2.2229552027693846,2.3406178874785377,-0.8156984769333058,-3.0271404492916374,1
-1.7970395616077361,-2.683027902465407,-0.5661418520464094,0.38603344477324103,2.202199674776716,2.247821963121364,-0.7578897080009966,-2.61671335740015,1
-1.556935724380988,-2.643966090339649,-0.6230750530949739,0.3357259485731018,2.162854958042004,2.131410673740607,-0.5915035985270549,-2.4444695985675584,0
-1.6373136052115085,-2.617196698581431,-0.6812956503735216,0.28634670936242684,2.1368295471296497,1.9439882543271456,-0.7211940639731371,-2.2221234403145025,1
-1.5385680844884124,-2.5513694959153126,-0.7306426376512771,0.23548115642490283,2.1285615070643376,1.9762018522154088,-0.6568516135938274,-1.577061519899652,1
-1.0722499270608485,-2.3919738284926733,-0.7589058797815671,0.19124040012786422,2.0216564470170795,2.108247521582614,-0.25781995044878475,-1.446113085406707,0
-1.2912736684367314,-2.3126374030495946,-0.7991449654116746,0.14256284927881524,1.9223874626874844,1.932395745295967,-0.46668885804657056,-1.1319847946296868,1
-0.6182854641099934,-2.093084328453126,-0.8084531522274934,0.09571967945935994,1.7261778880326537,2.0993002340561664,0.4574644470655279,0.2614049710367067,0
-0.649679063742401,-1.907320024297517,-0.8186952787611342,0.04868314043607,1.5439832829960272,1.8219553735900207,0.4106588969238541,1.060516719333002,1
-0.5394566793386107,-1.7189214087320281,-0.8233848687073513,0.0005636463244057698,1.3350267787490577,1.7310052536385316,0.7420056776561781,0.6875057883263526,1
-0.5146529070584998,-1.5481216816489558,-0.8266395790460938,-0.04601982383921978,1.1409957390911598,1.508721976429236,1.202600372096529,1.1119041243930965,1
-0.3102992050515259,-1.358786155966964,-0.821574318550781,-0.08832121122894557,0.9165648919162934,1.415357440261739,1.3356641276479129,1.2532146361860372,1
-0.2753363044361085,-1.1895797671391706,-0.8156391765916664,-0.12982144877705912,0.7081648195396326,1.2344618697944258,1.2920567620524748,1.0288771082422552,1
-0.18018203406555922,-1.0274101372552609,-0.8067324013195908,-0.16918893453482065,0.48184387022902014,1.0744193078536393,1.163285212174732,1.336642982774055,1
-0.15536878903374265,-0.8855484696903626,-0.7977896852234702,-0.2061695089233377,0.2716887030120241,0.8583805693272007,1.202297000622773,1.2595637347773843,1
-0.11063538804701009,-0.7581679999893496,-0.7881902988625216,-0.2442827623006206,0.08552047298440696,0.6210852597751036,1.2688468562968613,0.8096518275402529,0
-0.16243792474577723,-0.6590697002391706,-0.7811695031875068,-0.28119149351861183,-0.09591547014032822,0.45726029489729303,1.1954139041828395,1.2024354978731575,1
-0.10845810153575225,-0.5672664341971664,-0.7732049503496812,-0.31882403236836326,-0.26439170304186693,0.23671798910397293,1.2665543846389882,0.44781680266329577,0
-0.1774797390423561,-0.49974097062078504,-0.767975430340651,-0.35232921390152755,-0.4002771923126069,0.051760268073221274,1.079098840089642,0.44471971575295055,1
1.2716346076530525,-0.13951063650716353,-0.7011927574473259,-0.3742368667749443,-0.3319875050644496,0.9419936836651226,1.4576125604553622,2.035413296480863,0
0.4145894967769213,-0.004904830841995331,-0.6710938171853689,-0.40146534632877295,-0.2685756526197323,1.1528699395290156,0.44160850435677196,1.1655072392528136,1
0.6322919835185331,0.15981090911693638,-0.6314823776069567,-0.4204390838910247,-0.20969321820678072,0.9927063781018968,0.7650328901740335,1.2724520919007636,1
0.8095998191101084,0.3381161826521479,-0.5849288832122698,-0.43753424292102266,-0.11915720755112919,1.0541968900605134,1.1623895302295475,1.526288841996906,0
0.4960525537257919,0.41410243482240217,-0.5548239560035247,-0.45680635124403146,-0.03508805479945299,0.9516509393496756,0.6975586860181834,1.095412201365301,0
0.1221494644679768,0.39128823517834677,-0.5432419975585309,-0.4709399629742019,-0.04366236968020581,0.8832038201979385,0.016879493252270446,0.6440494397507744,1
0.13071607409586142,0.3697672000292566,-0.5323470241143138,-0.48729473517924266,-0.0516242334980478,0.7333774422350197,-0.05182157175823386,0.6129959152316974,1
0.21924279196435695,0.3675285251387348,-0.5183806533130105,-0.5005332756647494,-0.07932244891443405,0.528809039662032,0.0061467029415712155,0.7715862471209964,0
-0.0563074991644389,0.3070585733622751,-0.5166670796513307,-0.5186561394849972,-0.14655822284911238,0.4340438297356308,-0.5002318488936787,0.4294037861399854,1
0.15169989762008734,0.2988815419260427,-0.5061184530668504,-0.5353479398765191,-0.15007492873437578,0.4571043792741313,-0.08306988779675788,0.7294991253295077,1
0.33300369123628043,0.3277057343580166,-0.4884085176488577,-0.547006245232125,-0.15334044134212063,0.2940852090849791,0.2955058754188571,-0.6894519216748306,0
0.18240239595877836,0.31893541207695997,-0.47779452041876797,-0.5615210963306373,-0.180282252185348,0.19625452882651714,0.04472991589227692,-0.06012299226362357,1
0.20399590376064008,0.31152679746894063,-0.46730717493206436,-0.5714444547782306,-0.19341508017144593,0.01815238738602524,0.08572196783812545,-0.3567324308669879,1
0.38158400728713376,0.3359859435943583,-0.45064087192493973,-0.5720246034273444,-0.15585171977811585,0.045138887266105994,-0.005562188927695828,-0.44320981023070877,0
0.3659302166640948,0.3477851260162742,-0.43603654965994443,-0.5714900475595255,-0.12097145655573803,-0.1277433472542063,0.10264804765649056,-0.15053865097809216,0
0.2062743670514208,0.3289372605461441,-0.4275173282954279,-0.5730799812438628,-0.1590486335889609,-0.21990156944768277,-0.2791655672808608,0.13657497354175083,0
0.015327226031116956,0.28140148427809863,-0.4255058980445587,-0.5758801686732585,-0.17443867477710434,-0.2250334601940921,-0.7424971326504661,-0.024309413772900634,1
0.14872336646833184,0.2608421862643844,-0.4193610055800286,-0.5773747036006962,-0.1887294273089517,-0.3886729666254653,-0.2752446499513754,-0.01893958887698549,1
0.20018932611031118,0.24852422301715724,-0.4121662085418626,-0.5817264955895609,-0.17214879563189353,-0.4380604012220559,-0.04229607127559281,0.3149922638625983,1
0.35948999958710015,0.2592785690671885,-0.40064589842051795,-0.5824720941905972,-0.15328846896220988,-0.4869360144658561,0.4226390167290378,0.20601967796709972,1
0.5086595678252175,0.28695718504533374,-0.38542301990315336,-0.5822200412088577,-0.08340255132690608,-0.5484099692079623,0.8135041669008755,0.11574892151812398,1
0.8532186049261161,0.3636198470278168,-0.35946596214265647,-0.5833244316072483,0.0270755452729549,-0.5009175957038047,1.1070377851636228,0.5769934491539758,1
1.2747274812073264,0.5086778595638257,-0.31746768243097007,-0.5772908774489482,0.18190809501532584,-0.3572698514786535,1.427657138296997,1.0366657576262588,0
0.7826417351692768,0.5573912635952222,-0.29133676168189926,-0.5742317563990516,0.3256811769189558,-0.33951857280338166,0.6710070029711949,0.5339047502855878,0
0.6465606689254588,0.5709967448608504,-0.2711756271959143,-0.5682765977491832,0.3155476944149525,-0.2647140305916767,0.45109189762515206,0.4563848040190217,1
0.925144257880965,0.6300501720083406,-0.24143626402287618,-0.5549997144596049,0.36411960020559364,-0.20631325087849092,1.1686185801249764,0.8812912800895315,1
1.1111790572737692,0.7093644890709225,-0.20603736215918572,-0.5425321201370141,0.4342554662769074,-0.21141045162609265,1.3142731327265653,1.260228975590412,0
0.9541207754791222,0.7441833870143054,-0.17770190248683232,-0.5249203386734232,0.4993816276288412,-0.2975924520787194,1.1060751118446601,1.0439371976819805,0
0.6377603610877653,0.7244374142306393,-0.15971301715888792,-0.5039772747508035,0.5117227078773936,-0.4007450413624184,0.6748077828749995,0.799938974553802,1
0.7014118995246055,0.7110772553296599,-0.14106385444511335,-0.47646320081117377,0.5099224234786787,-0.4925084518251369,0.8086493677276527,0.7263272047658043,0
-0.05547000514574794,0.5911492964625182,-0.14470844364993,-0.45684996054099136,0.35799541448838146,-0.31929547054523627,-0.45151708555742165,0.07012653918173116,0
-0.09677689483669581,0.4830554360366996,-0.1492718110966644,-0.4347319762528767,0.2418700258912569,-0.31028958019806796,-0.5307069074862275,-0.27317110561461894,1
0.42226998113790726,0.4773666088426956,-0.1358366126223234,-0.4095178002766081,0.16706418841325646,-0.24260047153728106,0.5012001519270822,-0.2925855650008952,1
0.4380216630003949,0.46908293945930213,-0.1231007797333746,-0.3860092156401978,0.10991010785401607,-0.3899022463496702,0.18485630029245378,0.01767570824736076,0
0.27813002298478706,0.4354349221768162,-0.11579744697211959,-0.36197160153370134,0.07394630851538915,-0.42814129433970616,-0.1597258879726371,-0.0005778314278465409,0
0.15370539832244257,0.38693180923200565,-0.11245980579587463,-0.33933598255102254,-4.161434107574211e-06,-0.5269966146838718,-0.42677498071531245,-0.36979853480077907,1
0.24190414861020634,0.3561744778544551,-0.10680280791904509,-0.31962098269486633,-0.05933621011964413,-0.6559961750893627,-0.2114111130496306,-0.5114696099991687,1
0.308971585592147,0.3363243767216491,-0.0997330493052322,-0.2963751208179959,-0.020041219902065463,-0.49021080856756044,-0.08728877270270861,-0.3734167838862145,1
0.45853965041919714,0.3368302328174051,-0.08901157403613272,-0.27796768855212145,0.01644698529997206,-0.5745772954515186,0.16839678439633315,-0.07658340355942632,1
0.8221325440268169,0.388803712503308,-0.06770739157908745,-0.2567081699632916,0.07990288768636117,-0.5604093657694424,1.1623491246064523,0.15362521972009666,0
0.4859779716640982,0.38860738796123057,-0.05565815589699389,-0.2379563090624869,0.14044068435110157,-0.6488116825434478,0.5433901006042013,0.4990344825955722,1
0.678960220148773,0.41292561332419314,-0.038585380368719974,-0.2181033134134396,0.2029077785658147,-0.6936954412009028,1.0719898209509868,0.6902485539956138,0
0.5534593217092271,0.413183156925024,-0.025775810750985652,-0.20051240641257265,0.2609129374794766,-0.831903820211078,0.8460915618123235,0.16800581876145707,0
0.12941184692932792,0.36137903125488013,-0.023627422330020104,-0.1852146672075297,0.20755036208094016,-0.7923159802920661,0.03738020617128211,-0.08318170285753362,0
-0.29863876189720157,0.2616530983031781,-0.03270726527436628,-0.17301042488778495,0.06420563030896799,-0.5443946119018276,-0.5544527871637436,-0.25447241444984736,0
-0.7225873494726877,0.11599341127613076,-0.05389750665543766,-0.16375071294019644,-0.05721463388486372,-0.49216140126899866,-1.3964568299797069,-0.5003939924419345,1
-0.3997571805345888,0.038718619476511715,-0.0649997529372752,-0.15309695348533234,-0.22173273459857254,-0.3984102989693896,-0.8261017878623039,-0.3622300959415135,1
0.01890030906996183,0.03392253378536856,-0.06328258296814784,-0.13959064261463333,-0.36942870576590825,-0.37269276853709893,0.005205805299264236,-0.1150071166805572,0
-0.40207648069598845,-0.034251969283701264,-0.07459863504250686,-0.12916116736082098,-0.5065749647070058,-0.38501102730034337,-0.9043852778895559,-0.5448111959711301,1
-0.35236577079958264,-0.08179984321982128,-0.08346562255860013,-0.11802041462456465,-0.6344108188118964,-0.5030353102812561,-0.8074626449714343,-0.7910321854966648,0
-0.38414207806412626,-0.12397191317329302,-0.09243749826586947,-0.12026463823452785,-0.7295114826786268,-0.583469908781556,-0.8745608290353667,-0.6408596499388824,0
-0.6190133614681013,-0.19131330801832183,-0.10762269163113321,-0.11756800236660914,-0.8095772994155102,-0.6722356122764832,-1.3606807213120269,-0.9638757396721284,1
-0.5370475525584142,-0.23384432358795257,-0.11946288533361904,-0.11709798497528348,-0.8187586570729419,-0.5424943928740088,-0.9410185136151205,-0.8541909676762156,0
-0.9076197565314783,-0.3223534563411848,-0.14177924161134725,-0.12136968523462989,-0.8198665740591103,-0.5034680614483511,-1.6419746079146993,-0.916936963308216,0
-1.3973734580986041,-0.4839759336278431,-0.1813802492242659,-0.1272125376335445,-0.6967639506187161,-0.3928211112877103,-1.6794232379723446,-1.140740816125191,1
-1.38995409892352,-0.605533594926988,-0.21705147291111992,-0.12969555907821198,-0.5153296783141328,-0.3343198383578473,-1.0756352551984008,-0.8188072400833728,0
-1.5207138440111072,-0.7228907684345995,-0.2550218738972056,-0.13347722927325528,-0.34685499688844823,-0.449931988001793,-1.3052551176702096,-1.1631164256062927,0
